{
  "AWSTemplateFormatVersion": "2010-09-09",
  "Description": "Jenkins Quickstart Template",
  "Parameters": {
    "subnet": {
      "Type": "String"
    },
    "jenkinsSg": {
      "Type": "String"
    },
    "usersSshSg": {
      "Type": "String"
    }
  },
  "Resources": {
    "volumevolab668c6e": {
      "Type": "AWS::EC2::Volume",
      "Properties": {
        "AvailabilityZone": "eu-west-1c",
        "Encrypted": false,
        "Size": "10",
        "SnapshotId": "snap-03dcd7ee",
        "VolumeType": "gp2"
      }
    },
    "instancei0755a35a9c753812d": {
      "Type": "AWS::EC2::Instance",
      "Properties": {
        "DisableApiTermination": "false",
        "InstanceInitiatedShutdownBehavior": "stop",
        "ImageId": "ami-5c118b2f",
        "InstanceType": "t2.medium",
        "KeyName": "jenkins_price",
        "Monitoring": "false",
        "Tags": [
          {
            "Key": "Name",
            "Value": "Jenkins"
          },
          {
            "Key": "Type",
            "Value": "jenkins"
          }
        ],
        "Volumes": [
          {
            "Device": "/dev/sdf",
            "VolumeId": {
              "Ref": "volumevolab668c6e"
            }
          }
        ],
        "NetworkInterfaces": [
          {
            "AssociatePublicIpAddress": true,
            "DeleteOnTermination": "true",
            "DeviceIndex": 0,
            "SubnetId": {
              "Ref": "subnet"
            },
            "GroupSet": [
              {
                "Ref": "jenkinsSg"
              },
              {
                "Ref": "usersSshSg"
              }
            ]
          }
        ],
        "UserData": {
          "Fn::Base64": {
            "Fn::Join": [
              "",
              [
                "#!/bin/bash -v\n",
                "#******** Run Set environment variables ********\n",
                "MAIL=/var/spool/mail/ec2-user\n",
                "export MAIL\n",
                "PATH=/usr/local/bin:/bin:/usr/bin:/usr/local/sbin:/usr/sbin:/sbin:/opt/aws/bin:/home/ec2-user/.local/bin:/home/ec2-user/bin\n",
                "export PATH\n",
                "PWD=/home/ec2-user\n",
                "export PWD\n",
                "JAVA_HOME=/usr/lib/jvm/jre\n",
                "export JAVA_HOME\n",
                "AWS_CLOUDWATCH_HOME=/opt/aws/apitools/mon\n",
                "export AWS_CLOUDWATCH_HOME\n",
                "LANG=es_ES.UTF-8\n",
                "export LANG\n",
                "HISTCONTROL=ignoredups\n",
                "export HISTCONTROL\n",
                "SHLVL=1\n",
                "export SHLVL\n",
                "HOME=/home/ec2-user\n",
                "export HOME\n",
                "AWS_PATH=/opt/aws\n",
                "export AWS_PATH\n",
                "AWS_AUTO_SCALING_HOME=/opt/aws/apitools/as\n",
                "export AWS_AUTO_SCALING_HOME\n",
                "LOGNAME=ec2-user\n",
                "export LOGNAME\n",
                "AWS_ELB_HOME=/opt/aws/apitools/elb\n",
                "export AWS_ELB_HOME\n",
                "SSH_CONNECTION=165.225.80.161 9021 172.31.6.214 22\n",
                "export SSH_CONNECTION\n",
                "LESSOPEN=||/usr/bin/lesspipe.sh %s\n",
                "export LESSOPEN\n",
                "LESS_TERMCAP_se=\n",
                "export LESS_TERMCAP_se\n",
                "#******** Git Clone and Run Jenkins docker image ********\n",
                "env\n",
                "cd /home/ec2-user/\n",
                "git clone https://zh11:TescoPolitron1981%21@github.dev.global.tesco.org/TescoPriceService/price_aws.git\n",
                "cd /home/ec2-user/price_aws/images/jenkins\n",
                "docker-compose up &\n"
              ]
            ]
          }
        }
      }
    }
  }
}