{
  "AWSTemplateFormatVersion": "2010-09-09",
  "Description": "Amazon Ec2 instance to be used for deployment",
  "Parameters": {
    "ClusterName": {
      "Description": "Name of your Amazon ECS Cluster",
      "Type": "String",
      "ConstraintDescription": "must be a valid Amazon ECS Cluster."
    },
    "subnet": {
      "Type": "String"
    },
    "instanceName": {
      "Type": "String"
    },
    "SecurityGroup1": {
      "Type": "String"
    },
    "SecurityGroup2": {
      "Type": "String"
    },
    "SecurityGroup3": {
      "Type": "String"
    },
    "instanceReference": {
      "Type": "String",
      "Default": "ECS-PRICE"
    },
    "AssociatePublicIpAddress": {
      "Type": "String",
      "Default": "true"
    },
    "KeyName": {
      "Description": "jenkins_price",
      "Type": "AWS::EC2::KeyPair::KeyName",
      "ConstraintDescription": "jenkins_price",
      "Default": "jenkins_price"
    },
    "InstanceType": {
      "Description": "Container Instance type",
      "Type": "String",
      "Default": "t2.micro",
      "AllowedValues": [
        "t2.micro",
        "t2.small",
        "t2.medium",
        "c4.large",
        "m3.medium",
        "m3.large",
        "m3.xlarge",
        "m3.2xlarge"
      ],
      "ConstraintDescription": "must be a valid EC2 instance type."
    },
    "PriceAmi": {
      "Description": "ECS optimized AMI",
      "Type": "String",
      "Default": "ami-f66de585"
    }
  },
  "Resources": {
    "ContainerInstance": {
      "Type": "AWS::EC2::Instance",
      "Properties": {
        "Tags": [
          {
            "Key": "Name",
            "Value": {
              "Ref": "instanceName"
            }
          },
          {
            "Key": "Type",
            "Value": {
              "Ref": "instanceReference"
            }
          }
        ],
        "IamInstanceProfile": {
          "Ref": "ECSIamInstanceProfile"
        },
        "ImageId": {
          "Ref": "PriceAmi"
        },
        "InstanceType": {
          "Ref": "InstanceType"
        },
        "NetworkInterfaces": [
          {
            "GroupSet": [
              {
                "Ref": "SecurityGroup1"
              },
              {
                "Ref": "SecurityGroup2"
              },
              {
                "Ref": "SecurityGroup3"
              }
            ],
            "AssociatePublicIpAddress": {
              "Ref": "AssociatePublicIpAddress"
            },
            "DeviceIndex": "0",
            "DeleteOnTermination": "true",
            "SubnetId": {
              "Ref": "subnet"
            }
          }
        ],
        "KeyName": {
          "Ref": "KeyName"
        },
        "UserData": {
          "Fn::Base64": {
            "Fn::Join": [
              "",
              [
                "#!/bin/bash -xe\n",
                "echo ECS_CLUSTER=",
                {
                  "Ref": "ClusterName"
                },
                " >> /etc/ecs/ecs.config\n"
              ]
            ]
          }
        }
      }
    },
    "ECSIamInstanceProfile": {
      "Type": "AWS::IAM::InstanceProfile",
      "Properties": {
        "Path": "/",
        "Roles": [
          "ecsInstanceRole"
        ]
      }
    }
  },
  "Outputs": {
    "ECSInstance": {
      "Description": "eu-west-1",
      "Value": {
        "Fn::Join": [
          "",
          [
            "ssh ec2-user@",
            {
              "Fn::GetAtt": [
                "ContainerInstance",
                "PublicDnsName"
              ]
            }
          ]
        ]
      }
    }
  }
}
