{
  "AWSTemplateFormatVersion": "2010-09-09",
  "Parameters": {
    "vpcDev": {
      "Type": "String"
    },
    "vpcLive": {
      "Type": "String"
    }
  },
  "Resources": {
    "rtb6d8c0909": {
      "Type": "AWS::EC2::RouteTable",
      "Properties": {
        "VpcId": {
          "Ref": "vpcLive"
        }
      }
    },
    "rtb2534e441": {
      "Type": "AWS::EC2::RouteTable",
      "Properties": {
        "VpcId": {
          "Ref": "vpcDev"
        }
      }
    },
    "pcx2e66c947": {
      "Type": "AWS::EC2::VPCPeeringConnection",
      "Properties": {
        "Tags": [
          {
            "Key": "Name",
            "Value": "Bridge"
          }
        ],
        "VpcId": {
          "Ref": "vpcDev"
        },
        "PeerVpcId": {
          "Ref": "vpcLive"
        }
      }
    },
    "route1": {
      "Type": "AWS::EC2::Route",
      "Properties": {
        "VpcPeeringConnectionId": {
          "Ref": "pcx2e66c947"
        },
        "DestinationCidrBlock": "172.31.0.0/16",
        "RouteTableId": {
          "Ref": "rtb6d8c0909"
        }
      }
    },
    "route4": {
      "Type": "AWS::EC2::Route",
      "Properties": {
        "VpcPeeringConnectionId": {
          "Ref": "pcx2e66c947"
        },
        "DestinationCidrBlock": "173.31.0.0/16",
        "RouteTableId": {
          "Ref": "rtb2534e441"
        }
      }
    }
  },
  "Description": ""
}
