{
  "AWSTemplateFormatVersion": "2010-09-09",
  "Description": "S3 Bucket Template",
  "Parameters": {
    "vpcDev": {
      "Type": "String"
    },
    "vpcLive": {
      "Type": "String"
    }
  },
  "Resources": {
    "s3price": {
      "Type": "AWS::S3::Bucket",
      "Properties": {
        "BucketName":"tesco-price-service",
        "AccessControl": "Private",
        "VersioningConfiguration": {
          "Status": "Suspended"
        }
      }
    },
    "s3policyprice": {
      "Type": "AWS::S3::BucketPolicy",
      "Properties": {
        "Bucket": {
          "Ref": "s3price"
        },
        "PolicyDocument": {
          "Version": "2012-10-17",
          "Id": "Policy1442576558687",
          "Statement": [
            {
              "Sid": "Stmt1442576554133",
              "Effect": "Allow",
              "Principal": "*",
              "Action": "s3:*",
              "Resource": [
                {
                  "Fn::Join": [
                    "",
                    [
                      "arn:aws:s3:::",
                      {
                        "Ref": "s3price"
                      },
                      ""
                    ]
                  ]
                },
                {
                  "Fn::Join": [
                    "",
                    [
                      "arn:aws:s3:::",
                      {
                        "Ref": "s3price"
                      },
                      "/*"
                    ]
                  ]
                }
              ],
              "Condition": {
                "StringEquals": {
                  "aws:sourceVpc": {
                    "Ref": "vpcDev"
                  }
                }
              }
            },
            {
              "Sid": "Stmt1442576554133",
              "Effect": "Allow",
              "Principal": "*",
              "Action": "s3:*",
              "Resource": [
                {
                  "Fn::Join": [
                    "",
                    [
                      "arn:aws:s3:::",
                      {
                        "Ref": "s3price"
                      },
                      ""
                    ]
                  ]
                },
                {
                  "Fn::Join": [
                    "",
                    [
                      "arn:aws:s3:::",
                      {
                        "Ref": "s3price"
                      },
                      "/*"
                    ]
                  ]
                }
              ],
              "Condition": {
                "StringEquals": {
                  "aws:sourceVpc":{"Ref":"vpcLive"}
                }
              }
            },
            {
              "Sid": "Stmt1442576554133",
              "Effect": "Allow",
              "Principal": "*",
              "Action": "s3:*",
              "Resource": [
                {
                  "Fn::Join": [
                    "",
                    [
                      "arn:aws:s3:::",
                      {
                        "Ref": "s3price"
                      },
                      ""
                    ]
                  ]
                },
                {
                  "Fn::Join": [
                    "",
                    [
                      "arn:aws:s3:::",
                      {
                        "Ref": "s3price"
                      },
                      "/*"
                    ]
                  ]
                }
              ],
              "Condition": {
                "IpAddress": {
                  "aws:SourceIp": "165.225.0.0/17"
                }
              }
            }
          ]
        }
      }
    }
  }
}
