{
  "AWSTemplateFormatVersion": "2010-09-09",
  "Resources": {
    "vpc21e43b45": {
      "Type": "AWS::EC2::VPC",
      "Properties": {
        "CidrBlock": "172.31.0.0/16",
        "InstanceTenancy": "default",
        "EnableDnsSupport": "true",
        "EnableDnsHostnames": "true",
        "Tags": [
          {
            "Key": "Name",
            "Value": "DEV/PPE"
          }
        ]
      }
    },
    "vpcce964caa": {
      "Type": "AWS::EC2::VPC",
      "Properties": {
        "CidrBlock": "173.31.0.0/16",
        "InstanceTenancy": "default",
        "EnableDnsSupport": "true",
        "EnableDnsHostnames": "false",
        "Tags": [
          {
            "Key": "Name",
            "Value": "LIVE"
          }
        ]
      }
    },
    "subnetb350ead7": {
      "Type": "AWS::EC2::Subnet",
      "Properties": {
        "CidrBlock": "172.31.128.0/20",
        "AvailabilityZone": "eu-west-1b",
        "VpcId": {
          "Ref": "vpc21e43b45"
        },
        "Tags": [
          {
            "Key": "Name",
            "Value": "PPE-1B"
          }
        ]
      }
    },
    "subnetbee82ce6": {
      "Type": "AWS::EC2::Subnet",
      "Properties": {
        "CidrBlock": "172.31.16.0/20",
        "AvailabilityZone": "eu-west-1a",
        "VpcId": {
          "Ref": "vpc21e43b45"
        },
        "Tags": [
          {
            "Key": "Name",
            "Value": "DEV-1A"
          }
        ]
      }
    },
    "subnetd856d0bc": {
      "Type": "AWS::EC2::Subnet",
      "Properties": {
        "CidrBlock": "173.31.16.0/20",
        "AvailabilityZone": "eu-west-1b",
        "VpcId": {
          "Ref": "vpcce964caa"
        },
        "Tags": [
          {
            "Key": "Name",
            "Value": "LIVE-1B"
          }
        ]
      }
    },
    "subnet0a57d16e": {
      "Type": "AWS::EC2::Subnet",
      "Properties": {
        "CidrBlock": "173.31.32.0/20",
        "AvailabilityZone": "eu-west-1b",
        "VpcId": {
          "Ref": "vpcce964caa"
        },
        "Tags": [
          {
            "Key": "Name",
            "Value": "LIVE-PUBLIC-1B"
          }
        ]
      }
    },
    "subnetba9b5de2": {
      "Type": "AWS::EC2::Subnet",
      "Properties": {
        "CidrBlock": "173.31.64.0/20",
        "AvailabilityZone": "eu-west-1a",
        "VpcId": {
          "Ref": "vpcce964caa"
        },
        "Tags": [
          {
            "Key": "Name",
            "Value": "LIVE-PUBLIC-1A"
          }
        ]
      }
    },
    "subnetbff430e7": {
      "Type": "AWS::EC2::Subnet",
      "Properties": {
        "CidrBlock": "172.31.32.0/20",
        "AvailabilityZone": "eu-west-1a",
        "VpcId": {
          "Ref": "vpc21e43b45"
        },
        "Tags": [
          {
            "Key": "Name",
            "Value": "PPE-1A"
          }
        ]
      }
    },
    "subnet226bac7a": {
      "Type": "AWS::EC2::Subnet",
      "Properties": {
        "CidrBlock": "173.31.0.0/20",
        "AvailabilityZone": "eu-west-1a",
        "VpcId": {
          "Ref": "vpcce964caa"
        },
        "Tags": [
          {
            "Key": "Name",
            "Value": "LIVE-1A"
          }
        ]
      }
    },
    "subnet4cbb133a": {
      "Type": "AWS::EC2::Subnet",
      "Properties": {
        "CidrBlock": "172.31.0.0/20",
        "AvailabilityZone": "eu-west-1c",
        "VpcId": {
          "Ref": "vpc21e43b45"
        },
        "Tags": [
          {
            "Key": "Name",
            "Value": "DEV-1C"
          }
        ]
      }
    },
    "igw9c8cb8f9": {
      "Type": "AWS::EC2::InternetGateway",
      "Properties": {
        "Tags": [
          {
            "Key": "Name",
            "Value": "dev-ppe"
          }
        ]
      }
    },
    "igwb04a7ad5": {
      "Type": "AWS::EC2::InternetGateway",
      "Properties": {
        "Tags": [
          {
            "Key": "Name",
            "Value": "live"
          }
        ]
      }
    },
    "dopt6b14750e": {
      "Type": "AWS::EC2::DHCPOptions",
      "Properties": {
        "DomainName": "eu-west-1.compute.internal",
        "DomainNameServers": [
          "AmazonProvidedDNS"
        ]
      }
    },
    "dopt24dc8d41": {
      "Type": "AWS::EC2::DHCPOptions",
      "Properties": {
        "DomainName": "eu-west-1.compute.internal",
        "DomainNameServers": [
          "AmazonProvidedDNS"
        ]
      }
    },
    "pcxf70aa29e": {
      "Type": "AWS::EC2::VPCPeeringConnection",
      "Properties": {
        "Tags": [
          {
            "Key": "Name",
            "Value": "DEV/PPE-LIVE"
          }
        ],
        "VpcId": {
          "Ref": "vpc21e43b45"
        },
        "PeerVpcId": {
          "Ref": "vpcce964caa"
        }
      }
    },
    "acld65ad9b2": {
      "Type": "AWS::EC2::NetworkAcl",
      "Properties": {
        "VpcId": {
          "Ref": "vpc21e43b45"
        }
      }
    },
    "acl2978f64d": {
      "Type": "AWS::EC2::NetworkAcl",
      "Properties": {
        "VpcId": {
          "Ref": "vpcce964caa"
        }
      }
    },
    "aclfe5ad99a": {
      "Type": "AWS::EC2::NetworkAcl",
      "Properties": {
        "VpcId": {
          "Ref": "vpc21e43b45"
        }
      }
    },
    "rtb2b3da14f": {
      "Type": "AWS::EC2::RouteTable",
      "Properties": {
        "VpcId": {
          "Ref": "vpcce964caa"
        },
        "Tags": [
          {
            "Key": "Name",
            "Value": "live-public"
          }
        ]
      }
    },
    "rtb62039f06": {
      "Type": "AWS::EC2::RouteTable",
      "Properties": {
        "VpcId": {
          "Ref": "vpcce964caa"
        },
        "Tags": [
          {
            "Key": "Name",
            "Value": "live"
          }
        ]
      }
    },
    "rtb935bcaf7": {
      "Type": "AWS::EC2::RouteTable",
      "Properties": {
        "VpcId": {
          "Ref": "vpc21e43b45"
        },
        "Tags": [
          {
            "Key": "Name",
            "Value": "dev/ppe"
          }
        ]
      }
    },
    "s3tescopriceservice": {
      "Type": "AWS::S3::Bucket",
      "Properties": {
        "AccessControl": "Private",
        "VersioningConfiguration": {
          "Status": "Suspended"
        }
      }
    },
    "s3policytescopriceservice": {
      "Type": "AWS::S3::BucketPolicy",
      "Properties": {
        "Bucket": {
          "Ref": "s3tescopriceservice"
        },
        "PolicyDocument": {
          "Version": "2012-10-17",
          "Id": "Policy1442576558687",
          "Statement": [
            {
              "Sid": "Stmt1442576554133",
              "Effect": "Allow",
              "Principal": "*",
              "Action": "s3:*",
              "Resource": [
                {
                  "Fn::Join": [
                    "",
                    [
                      "arn:aws:s3:::",
                      {
                        "Ref": "s3tescopriceservice"
                      },
                      "/*"
                    ]
                  ]
                },
                {
                  "Fn::Join": [
                    "",
                    [
                      "arn:aws:s3:::",
                      {
                        "Ref": "s3tescopriceservice"
                      },
                      ""
                    ]
                  ]
                }
              ],
              "Condition": {
                "StringEquals": {
                  "aws:sourceVpc": "vpc-21e43b45"
                }
              }
            },
            {
              "Sid": "Stmt1442576554133",
              "Effect": "Allow",
              "Principal": "*",
              "Action": "s3:*",
              "Resource": [
                {
                  "Fn::Join": [
                    "",
                    [
                      "arn:aws:s3:::",
                      {
                        "Ref": "s3tescopriceservice"
                      },
                      "/*"
                    ]
                  ]
                },
                {
                  "Fn::Join": [
                    "",
                    [
                      "arn:aws:s3:::",
                      {
                        "Ref": "s3tescopriceservice"
                      },
                      ""
                    ]
                  ]
                }
              ],
              "Condition": {
                "StringEquals": {
                  "aws:sourceVpc": "vpc-ce964caa"
                }
              }
            },
            {
              "Sid": "Stmt1442576554133",
              "Effect": "Allow",
              "Principal": "*",
              "Action": "s3:*",
              "Resource": [
                {
                  "Fn::Join": [
                    "",
                    [
                      "arn:aws:s3:::",
                      {
                        "Ref": "s3tescopriceservice"
                      },
                      "/*"
                    ]
                  ]
                },
                {
                  "Fn::Join": [
                    "",
                    [
                      "arn:aws:s3:::",
                      {
                        "Ref": "s3tescopriceservice"
                      },
                      ""
                    ]
                  ]
                }
              ],
              "Condition": {
                "IpAddress": {
                  "aws:SourceIp": "165.225.0.0/17"
                }
              }
            },
            {
              "Sid": "Stmt1442576554133",
              "Effect": "Allow",
              "Principal": "*",
              "Action": "s3:*",
              "Resource": [
                {
                  "Fn::Join": [
                    "",
                    [
                      "arn:aws:s3:::",
                      {
                        "Ref": "s3tescopriceservice"
                      },
                      "/*"
                    ]
                  ]
                },
                {
                  "Fn::Join": [
                    "",
                    [
                      "arn:aws:s3:::",
                      {
                        "Ref": "s3tescopriceservice"
                      },
                      ""
                    ]
                  ]
                }
              ],
              "Condition": {
                "IpAddress": {
                  "aws:SourceIp": "87.82.207.196/17"
                }
              }
            },
            {
              "Sid": "Stmt1442576554133",
              "Effect": "Allow",
              "Principal": "*",
              "Action": "s3:*",
              "Resource": [
                {
                  "Fn::Join": [
                    "",
                    [
                      "arn:aws:s3:::",
                      {
                        "Ref": "s3tescopriceservice"
                      },
                      "/*"
                    ]
                  ]
                },
                {
                  "Fn::Join": [
                    "",
                    [
                      "arn:aws:s3:::",
                      {
                        "Ref": "s3tescopriceservice"
                      },
                      ""
                    ]
                  ]
                }
              ],
              "Condition": {
                "IpAddress": {
                  "aws:SourceIp": "172.31.0.67/17"
                }
              }
            }
          ]
        }
      }
    },
    "acl1": {
      "Type": "AWS::EC2::NetworkAclEntry",
      "Properties": {
        "CidrBlock": "0.0.0.0/0",
        "Egress": "true",
        "Protocol": "-1",
        "RuleAction": "allow",
        "RuleNumber": "100",
        "NetworkAclId": {
          "Ref": "acld65ad9b2"
        }
      }
    },
    "acl2": {
      "Type": "AWS::EC2::NetworkAclEntry",
      "Properties": {
        "CidrBlock": "0.0.0.0/0",
        "Protocol": "-1",
        "RuleAction": "allow",
        "RuleNumber": "100",
        "NetworkAclId": {
          "Ref": "acld65ad9b2"
        }
      }
    },
    "acl3": {
      "Type": "AWS::EC2::NetworkAclEntry",
      "Properties": {
        "CidrBlock": "0.0.0.0/0",
        "Egress": "true",
        "Protocol": "-1",
        "RuleAction": "allow",
        "RuleNumber": "100",
        "NetworkAclId": {
          "Ref": "acl2978f64d"
        }
      }
    },
    "acl4": {
      "Type": "AWS::EC2::NetworkAclEntry",
      "Properties": {
        "CidrBlock": "0.0.0.0/0",
        "Protocol": "-1",
        "RuleAction": "allow",
        "RuleNumber": "100",
        "NetworkAclId": {
          "Ref": "acl2978f64d"
        }
      }
    },
    "acl5": {
      "Type": "AWS::EC2::NetworkAclEntry",
      "Properties": {
        "CidrBlock": "0.0.0.0/0",
        "Egress": "true",
        "Protocol": "-1",
        "RuleAction": "allow",
        "RuleNumber": "100",
        "NetworkAclId": {
          "Ref": "aclfe5ad99a"
        }
      }
    },
    "acl6": {
      "Type": "AWS::EC2::NetworkAclEntry",
      "Properties": {
        "CidrBlock": "0.0.0.0/0",
        "Protocol": "-1",
        "RuleAction": "allow",
        "RuleNumber": "100",
        "NetworkAclId": {
          "Ref": "aclfe5ad99a"
        }
      }
    },
    "subnetacl1": {
      "Type": "AWS::EC2::SubnetNetworkAclAssociation",
      "Properties": {
        "NetworkAclId": {
          "Ref": "acld65ad9b2"
        },
        "SubnetId": {
          "Ref": "subnet4cbb133a"
        }
      }
    },
    "subnetacl2": {
      "Type": "AWS::EC2::SubnetNetworkAclAssociation",
      "Properties": {
        "NetworkAclId": {
          "Ref": "acl2978f64d"
        },
        "SubnetId": {
          "Ref": "subnet0a57d16e"
        }
      }
    },
    "subnetacl3": {
      "Type": "AWS::EC2::SubnetNetworkAclAssociation",
      "Properties": {
        "NetworkAclId": {
          "Ref": "acl2978f64d"
        },
        "SubnetId": {
          "Ref": "subnetba9b5de2"
        }
      }
    },
    "subnetacl4": {
      "Type": "AWS::EC2::SubnetNetworkAclAssociation",
      "Properties": {
        "NetworkAclId": {
          "Ref": "acl2978f64d"
        },
        "SubnetId": {
          "Ref": "subnetd856d0bc"
        }
      }
    },
    "subnetacl5": {
      "Type": "AWS::EC2::SubnetNetworkAclAssociation",
      "Properties": {
        "NetworkAclId": {
          "Ref": "acl2978f64d"
        },
        "SubnetId": {
          "Ref": "subnet226bac7a"
        }
      }
    },
    "subnetacl6": {
      "Type": "AWS::EC2::SubnetNetworkAclAssociation",
      "Properties": {
        "NetworkAclId": {
          "Ref": "aclfe5ad99a"
        },
        "SubnetId": {
          "Ref": "subnetbee82ce6"
        }
      }
    },
    "subnetacl7": {
      "Type": "AWS::EC2::SubnetNetworkAclAssociation",
      "Properties": {
        "NetworkAclId": {
          "Ref": "aclfe5ad99a"
        },
        "SubnetId": {
          "Ref": "subnetbff430e7"
        }
      }
    },
    "subnetacl8": {
      "Type": "AWS::EC2::SubnetNetworkAclAssociation",
      "Properties": {
        "NetworkAclId": {
          "Ref": "aclfe5ad99a"
        },
        "SubnetId": {
          "Ref": "subnetb350ead7"
        }
      }
    },
    "gw1": {
      "Type": "AWS::EC2::VPCGatewayAttachment",
      "Properties": {
        "VpcId": {
          "Ref": "vpc21e43b45"
        },
        "InternetGatewayId": {
          "Ref": "igw9c8cb8f9"
        }
      }
    },
    "gw2": {
      "Type": "AWS::EC2::VPCGatewayAttachment",
      "Properties": {
        "VpcId": {
          "Ref": "vpcce964caa"
        },
        "InternetGatewayId": {
          "Ref": "igwb04a7ad5"
        }
      }
    },
    "subnetroute1": {
      "Type": "AWS::EC2::SubnetRouteTableAssociation",
      "Properties": {
        "RouteTableId": {
          "Ref": "rtb2b3da14f"
        },
        "SubnetId": {
          "Ref": "subnet0a57d16e"
        }
      }
    },
    "subnetroute2": {
      "Type": "AWS::EC2::SubnetRouteTableAssociation",
      "Properties": {
        "RouteTableId": {
          "Ref": "rtb2b3da14f"
        },
        "SubnetId": {
          "Ref": "subnetba9b5de2"
        }
      }
    },
    "route1": {
      "Type": "AWS::EC2::Route",
      "Properties": {
        "DestinationCidrBlock": "0.0.0.0/0",
        "RouteTableId": {
          "Ref": "rtb2b3da14f"
        },
        "GatewayId": {
          "Ref": "igwb04a7ad5"
        }
      },
      "DependsOn": "gw2"
    },
    "route2": {
      "Type": "AWS::EC2::Route",
      "Properties": {
        "VpcPeeringConnectionId": "pcx-f70aa29e",
        "DestinationCidrBlock": "172.31.0.0/16",
        "RouteTableId": {
          "Ref": "rtb62039f06"
        }
      }
    },
    "route3": {
      "Type": "AWS::EC2::Route",
      "Properties": {
        "DestinationCidrBlock": "0.0.0.0/0",
        "RouteTableId": {
          "Ref": "rtb62039f06"
        }
      }
    },
    "route4": {
      "Type": "AWS::EC2::Route",
      "Properties": {
        "RouteTableId": {
          "Ref": "rtb62039f06"
        },
        "GatewayId": "vpce-3dd83754"
      }
    },
    "route5": {
      "Type": "AWS::EC2::Route",
      "Properties": {
        "VpcPeeringConnectionId": "pcx-f70aa29e",
        "DestinationCidrBlock": "173.31.0.0/16",
        "RouteTableId": {
          "Ref": "rtb935bcaf7"
        }
      }
    },
    "route6": {
      "Type": "AWS::EC2::Route",
      "Properties": {
        "DestinationCidrBlock": "0.0.0.0/0",
        "RouteTableId": {
          "Ref": "rtb935bcaf7"
        },
        "GatewayId": {
          "Ref": "igw9c8cb8f9"
        }
      },
      "DependsOn": "gw1"
    },
    "route7": {
      "Type": "AWS::EC2::Route",
      "Properties": {
        "RouteTableId": {
          "Ref": "rtb935bcaf7"
        },
        "GatewayId": "vpce-a0fd12c9"
      }
    },
    "dchpassoc1": {
      "Type": "AWS::EC2::VPCDHCPOptionsAssociation",
      "Properties": {
        "VpcId": {
          "Ref": "vpc21e43b45"
        },
        "DhcpOptionsId": {
          "Ref": "dopt24dc8d41"
        }
      }
    },
    "dchpassoc2": {
      "Type": "AWS::EC2::VPCDHCPOptionsAssociation",
      "Properties": {
        "VpcId": {
          "Ref": "vpcce964caa"
        },
        "DhcpOptionsId": {
          "Ref": "dopt6b14750e"
        }
      }
    }
  },
  "Description": ""
}