{
  "AWSTemplateFormatVersion": "2010-09-09",
  "Description": "All security groups for DEV/PPE/LIVE environment template",
  "Parameters": {
    "vpcDev": {
      "Type": "String"
    },
    "vpcLive": {
      "Type": "String"
    }
  },
  "Resources": {
    "sgPRICE": {
      "Type": "AWS::EC2::SecurityGroup",
      "Properties": {
        "GroupDescription": "Price service ports",
        "VpcId": {
          "Ref": "vpcDev"
        },
        "Tags": [
          {
            "Key": "Environment",
            "Value": "PPE"
          },
          {
            "Key": "Name",
            "Value": "Price_service"
          }
        ]
      }
    },
    "sgPRICELIVE": {
      "Type": "AWS::EC2::SecurityGroup",
      "Properties": {
        "GroupDescription": "Product services",
        "VpcId": {
          "Ref": "vpcLive"
        },
        "Tags": [
          {
            "Key": "Environment",
            "Value": "LIVE"
          },
          {
            "Key": "Name",
            "Value": "Price_service"
          }
        ]
      }
    },
    "sgdefault": {
      "Type": "AWS::EC2::SecurityGroup",
      "Properties": {
        "GroupDescription": "default VPC security group",
        "VpcId": {
          "Ref": "vpcDev"
        },
        "Tags": [
          {
            "Key": "Name",
            "Value": "Jenkins_slaves"
          },
          {
            "Key": "Environment",
            "Value": "PPE"
          }
        ]
      }
    },
    "sgjenkins": {
      "Type": "AWS::EC2::SecurityGroup",
      "Properties": {
        "GroupDescription": "jenkins security group",
        "VpcId": {
          "Ref": "vpcDev"
        },
        "Tags": [
          {
            "Key": "Name",
            "Value": "Jenkins_master"
          },
          {
            "Key": "Environment",
            "Value": "PPE"
          }
        ]
      }
    },
    "sgssh": {
      "Type": "AWS::EC2::SecurityGroup",
      "Properties": {
        "GroupDescription": "only ssh access",
        "VpcId": {
          "Ref": "vpcDev"
        },
        "Tags": [
          {
            "Key": "Environment",
            "Value": "PPE"
          },
          {
            "Key": "Name",
            "Value": "Users_SSH"
          }
        ]
      }
    },
    "sgSSH": {
      "Type": "AWS::EC2::SecurityGroup",
      "Properties": {
        "GroupDescription": "SSH",
        "VpcId": {
          "Ref": "vpcLive"
        },
        "Tags": [
          {
            "Key": "Name",
            "Value": "Users_SSH"
          },
          {
            "Key": "Environment",
            "Value": "LIVE"
          }
        ]
      }
    },
    "sgUsersHTTP": {
      "Type": "AWS::EC2::SecurityGroup",
      "Properties": {
        "GroupDescription": "Http access ",
        "VpcId": {
          "Ref": "vpcDev"
        },
        "Tags": [
          {
            "Key": "Environment",
            "Value": "PPE"
          },
          {
            "Key": "Name",
            "Value": "Users_HTTP"
          }
        ]
      }
    },
    "dbsgdefault": {
      "Type": "AWS::RDS::DBSecurityGroup",
      "Properties": {
        "GroupDescription": "default"
      }
    },
    "ingress1": {
      "Type": "AWS::EC2::SecurityGroupIngress",
      "Properties": {
        "GroupId": {
          "Ref": "sgPRICE"
        },
        "IpProtocol": "tcp",
        "FromPort": "80",
        "ToPort": "80",
        "SourceSecurityGroupId": {
          "Ref": "sgjenkins"
        },
        "SourceSecurityGroupOwnerId": "780223221743"
      }
    },
    "ingress2": {
      "Type": "AWS::EC2::SecurityGroupIngress",
      "Properties": {
        "GroupId": {
          "Ref": "sgPRICE"
        },
        "IpProtocol": "tcp",
        "FromPort": "80",
        "ToPort": "80",
        "SourceSecurityGroupId": {
          "Ref": "sgUsersHTTP"
        },
        "SourceSecurityGroupOwnerId": "780223221743"
      }
    },
    "ingress3": {
      "Type": "AWS::EC2::SecurityGroupIngress",
      "Properties": {
        "GroupId": {
          "Ref": "sgPRICE"
        },
        "IpProtocol": "tcp",
        "FromPort": "80",
        "ToPort": "80",
        "SourceSecurityGroupId": {
          "Ref": "sgdefault"
        },
        "SourceSecurityGroupOwnerId": "780223221743"
      }
    },
    "ingress4": {
      "Type": "AWS::EC2::SecurityGroupIngress",
      "Properties": {
        "GroupId": {
          "Ref": "sgPRICE"
        },
        "IpProtocol": "tcp",
        "FromPort": "80",
        "ToPort": "80",
        "SourceSecurityGroupId": {
          "Ref": "sgPRICE"
        },
        "SourceSecurityGroupOwnerId": "780223221743"
      }
    },
    "ingress5": {
      "Type": "AWS::EC2::SecurityGroupIngress",
      "Properties": {
        "GroupId": {
          "Ref": "sgPRICE"
        },
        "IpProtocol": "tcp",
        "FromPort": "8888",
        "ToPort": "8888",
        "SourceSecurityGroupId": {
          "Ref": "sgPRICE"
        },
        "SourceSecurityGroupOwnerId": "780223221743"
      }
    },
    "ingress6": {
      "Type": "AWS::EC2::SecurityGroupIngress",
      "Properties": {
        "GroupId": {
          "Ref": "sgPRICE"
        },
        "IpProtocol": "tcp",
        "FromPort": "9091",
        "ToPort": "9091",
        "SourceSecurityGroupId": {
          "Ref": "sgUsersHTTP"
        },
        "SourceSecurityGroupOwnerId": "780223221743"
      }
    },
    "ingress7": {
      "Type": "AWS::EC2::SecurityGroupIngress",
      "Properties": {
        "GroupId": {
          "Ref": "sgPRICE"
        },
        "IpProtocol": "tcp",
        "FromPort": "9091",
        "ToPort": "9091",
        "SourceSecurityGroupId": {
          "Ref": "sgPRICE"
        },
        "SourceSecurityGroupOwnerId": "780223221743"
      }
    },
    "ingress8": {
      "Type": "AWS::EC2::SecurityGroupIngress",
      "Properties": {
        "GroupId": {
          "Ref": "sgPRICE"
        },
        "IpProtocol": "tcp",
        "FromPort": "9094",
        "ToPort": "9094",
        "SourceSecurityGroupId": {
          "Ref": "sgUsersHTTP"
        },
        "SourceSecurityGroupOwnerId": "780223221743"
      }
    },
    "ingress9": {
      "Type": "AWS::EC2::SecurityGroupIngress",
      "Properties": {
        "GroupId": {
          "Ref": "sgPRICE"
        },
        "IpProtocol": "tcp",
        "FromPort": "9094",
        "ToPort": "9094",
        "SourceSecurityGroupId": {
          "Ref": "sgPRICE"
        },
        "SourceSecurityGroupOwnerId": "780223221743"
      }
    },
    "ingress10": {
      "Type": "AWS::EC2::SecurityGroupIngress",
      "Properties": {
        "GroupId": {
          "Ref": "sgPRICE"
        },
        "IpProtocol": "tcp",
        "FromPort": "443",
        "ToPort": "443",
        "SourceSecurityGroupId": {
          "Ref": "sgPRICE"
        },
        "SourceSecurityGroupOwnerId": "780223221743"
      }
    },
    "ingress11": {
      "Type": "AWS::EC2::SecurityGroupIngress",
      "Properties": {
        "GroupId": {
          "Ref": "sgPRICELIVE"
        },
        "IpProtocol": "tcp",
        "FromPort": "80",
        "ToPort": "80",
        "SourceSecurityGroupId": {
          "Ref": "sgdefault"
        },
        "SourceSecurityGroupOwnerId": "780223221743"
      }
    },
    "ingress12": {
      "Type": "AWS::EC2::SecurityGroupIngress",
      "Properties": {
        "GroupId": {
          "Ref": "sgPRICELIVE"
        },
        "IpProtocol": "tcp",
        "FromPort": "80",
        "ToPort": "80",
        "SourceSecurityGroupId": {
          "Ref": "sgUsersHTTP"
        },
        "SourceSecurityGroupOwnerId": "780223221743"
      }
    },
    "ingress13": {
      "Type": "AWS::EC2::SecurityGroupIngress",
      "Properties": {
        "GroupId": {
          "Ref": "sgPRICELIVE"
        },
        "IpProtocol": "tcp",
        "FromPort": "80",
        "ToPort": "80",
        "SourceSecurityGroupId": {
          "Ref": "sgdefault"
        },
        "SourceSecurityGroupOwnerId": "780223221743"
      }
    },
    "ingress14": {
      "Type": "AWS::EC2::SecurityGroupIngress",
      "Properties": {
        "GroupId": {
          "Ref": "sgPRICELIVE"
        },
        "IpProtocol": "tcp",
        "FromPort": "80",
        "ToPort": "80",
        "SourceSecurityGroupId": {
          "Ref": "sgPRICELIVE"
        },
        "SourceSecurityGroupOwnerId": "780223221743"
      }
    },
    "ingress15": {
      "Type": "AWS::EC2::SecurityGroupIngress",
      "Properties": {
        "GroupId": {
          "Ref": "sgPRICELIVE"
        },
        "IpProtocol": "tcp",
        "FromPort": "9091",
        "ToPort": "9091",
        "SourceSecurityGroupId": {
          "Ref": "sgUsersHTTP"
        },
        "SourceSecurityGroupOwnerId": "780223221743"
      }
    },
    "ingress16": {
      "Type": "AWS::EC2::SecurityGroupIngress",
      "Properties": {
        "GroupId": {
          "Ref": "sgPRICELIVE"
        },
        "IpProtocol": "tcp",
        "FromPort": "8888",
        "ToPort": "8888",
        "SourceSecurityGroupId": {
          "Ref": "sgdefault"
        },
        "SourceSecurityGroupOwnerId": "780223221743"
      }
    },
    "ingress17": {
      "Type": "AWS::EC2::SecurityGroupIngress",
      "Properties": {
        "GroupId": {
          "Ref": "sgPRICELIVE"
        },
        "IpProtocol": "tcp",
        "FromPort": "8888",
        "ToPort": "8888",
        "SourceSecurityGroupId": {
          "Ref": "sgdefault"
        },
        "SourceSecurityGroupOwnerId": "780223221743"
      }
    },
    "ingress18": {
      "Type": "AWS::EC2::SecurityGroupIngress",
      "Properties": {
        "GroupId": {
          "Ref": "sgPRICELIVE"
        },
        "IpProtocol": "tcp",
        "FromPort": "9094",
        "ToPort": "9094",
        "SourceSecurityGroupId": {
          "Ref": "sgdefault"
        },
        "SourceSecurityGroupOwnerId": "780223221743"
      }
    },
    "ingress19": {
      "Type": "AWS::EC2::SecurityGroupIngress",
      "Properties": {
        "GroupId": {
          "Ref": "sgPRICELIVE"
        },
        "IpProtocol": "tcp",
        "FromPort": "9094",
        "ToPort": "9094",
        "SourceSecurityGroupId": {
          "Ref": "sgUsersHTTP"
        },
        "SourceSecurityGroupOwnerId": "780223221743"
      }
    },
    "ingress20": {
      "Type": "AWS::EC2::SecurityGroupIngress",
      "Properties": {
        "GroupId": {
          "Ref": "sgPRICELIVE"
        },
        "IpProtocol": "tcp",
        "FromPort": "9094",
        "ToPort": "9094",
        "SourceSecurityGroupId": {
          "Ref": "sgdefault"
        },
        "SourceSecurityGroupOwnerId": "780223221743"
      }
    },
    "ingress21": {
      "Type": "AWS::EC2::SecurityGroupIngress",
      "Properties": {
        "GroupId": {
          "Ref": "sgPRICELIVE"
        },
        "IpProtocol": "tcp",
        "FromPort": "9094",
        "ToPort": "9094",
        "SourceSecurityGroupId": {
          "Ref": "sgPRICELIVE"
        },
        "SourceSecurityGroupOwnerId": "780223221743"
      }
    },
    "ingress22": {
      "Type": "AWS::EC2::SecurityGroupIngress",
      "Properties": {
        "GroupId": {
          "Ref": "sgPRICELIVE"
        },
        "IpProtocol": "tcp",
        "FromPort": "443",
        "ToPort": "443",
        "SourceSecurityGroupId": {
          "Ref": "sgdefault"
        },
        "SourceSecurityGroupOwnerId": "780223221743"
      }
    },
    "ingress23": {
      "Type": "AWS::EC2::SecurityGroupIngress",
      "Properties": {
        "GroupId": {
          "Ref": "sgdefault"
        },
        "IpProtocol": "-1",
        "SourceSecurityGroupId": {
          "Ref": "sgdefault"
        },
        "SourceSecurityGroupOwnerId": "780223221743"
      }
    },
    "ingress24": {
      "Type": "AWS::EC2::SecurityGroupIngress",
      "Properties": {
        "GroupId": {
          "Ref": "sgdefault"
        },
        "IpProtocol": "-1",
        "SourceSecurityGroupId": {
          "Ref": "sgdefault"
        },
        "SourceSecurityGroupOwnerId": "780223221743"
      }
    },
    "ingress25": {
      "Type": "AWS::EC2::SecurityGroupIngress",
      "Properties": {
        "GroupId": {
          "Ref": "sgdefault"
        },
        "IpProtocol": "tcp",
        "FromPort": "22",
        "ToPort": "22",
        "SourceSecurityGroupId": {
          "Ref": "sgjenkins"
        },
        "SourceSecurityGroupOwnerId": "780223221743"
      }
    },
    "ingress26": {
      "Type": "AWS::EC2::SecurityGroupIngress",
      "Properties": {
        "GroupId": {
          "Ref": "sgdefault"
        },
        "IpProtocol": "tcp",
        "FromPort": "22",
        "ToPort": "22",
        "CidrIp": "94.125.16.0/24"
      }
    },
    "ingress27": {
      "Type": "AWS::EC2::SecurityGroupIngress",
      "Properties": {
        "GroupId": {
          "Ref": "sgdefault"
        },
        "IpProtocol": "tcp",
        "FromPort": "22",
        "ToPort": "22",
        "CidrIp": "165.225.80.0/24"
      }
    },
    "ingress28": {
      "Type": "AWS::EC2::SecurityGroupIngress",
      "Properties": {
        "GroupId": {
          "Ref": "sgdefault"
        },
        "IpProtocol": "tcp",
        "FromPort": "22",
        "ToPort": "22",
        "CidrIp": "94.125.20.0/22"
      }
    },
    "ingress29": {
      "Type": "AWS::EC2::SecurityGroupIngress",
      "Properties": {
        "GroupId": {
          "Ref": "sgdefault"
        },
        "IpProtocol": "tcp",
        "FromPort": "22",
        "ToPort": "22",
        "CidrIp": "94.125.22.0/24"
      }
    },
    "ingress30": {
      "Type": "AWS::EC2::SecurityGroupIngress",
      "Properties": {
        "GroupId": {
          "Ref": "sgjenkins"
        },
        "IpProtocol": "tcp",
        "FromPort": "8080",
        "ToPort": "8080",
        "CidrIp": "165.225.80.0/24"
      }
    },
    "ingress31": {
      "Type": "AWS::EC2::SecurityGroupIngress",
      "Properties": {
        "GroupId": {
          "Ref": "sgjenkins"
        },
        "IpProtocol": "tcp",
        "FromPort": "8080",
        "ToPort": "8080",
        "CidrIp": "94.125.22.0/24"
      }
    },
    "ingress32": {
      "Type": "AWS::EC2::SecurityGroupIngress",
      "Properties": {
        "GroupId": {
          "Ref": "sgjenkins"
        },
        "IpProtocol": "tcp",
        "FromPort": "8080",
        "ToPort": "8080",
        "CidrIp": "94.125.20.0/22"
      }
    },
    "ingress33": {
      "Type": "AWS::EC2::SecurityGroupIngress",
      "Properties": {
        "GroupId": {
          "Ref": "sgjenkins"
        },
        "IpProtocol": "tcp",
        "FromPort": "8080",
        "ToPort": "8080",
        "CidrIp": "94.125.16.0/24"
      }
    },
    "ingress34": {
      "Type": "AWS::EC2::SecurityGroupIngress",
      "Properties": {
        "GroupId": {
          "Ref": "sgjenkins"
        },
        "IpProtocol": "tcp",
        "FromPort": "50000",
        "ToPort": "50000",
        "SourceSecurityGroupId": {
          "Ref": "sgdefault"
        },
        "SourceSecurityGroupOwnerId": "780223221743"
      }
    },
    "ingress35": {
      "Type": "AWS::EC2::SecurityGroupIngress",
      "Properties": {
        "GroupId": {
          "Ref": "sgjenkins"
        },
        "IpProtocol": "tcp",
        "FromPort": "8081",
        "ToPort": "8081",
        "SourceSecurityGroupId": {
          "Ref": "sgdefault"
        },
        "SourceSecurityGroupOwnerId": "780223221743"
      }
    },
    "ingress36": {
      "Type": "AWS::EC2::SecurityGroupIngress",
      "Properties": {
        "GroupId": {
          "Ref": "sgssh"
        },
        "IpProtocol": "tcp",
        "FromPort": "22",
        "ToPort": "22",
        "SourceSecurityGroupId": {
          "Ref": "sgdefault"
        },
        "SourceSecurityGroupOwnerId": "780223221743"
      }
    },
    "ingress37": {
      "Type": "AWS::EC2::SecurityGroupIngress",
      "Properties": {
        "GroupId": {
          "Ref": "sgssh"
        },
        "IpProtocol": "tcp",
        "FromPort": "22",
        "ToPort": "22",
        "CidrIp": "165.225.80.0/24"
      }
    },
    "ingress38": {
      "Type": "AWS::EC2::SecurityGroupIngress",
      "Properties": {
        "GroupId": {
          "Ref": "sgssh"
        },
        "IpProtocol": "tcp",
        "FromPort": "22",
        "ToPort": "22",
        "CidrIp": "94.125.22.0/24"
      }
    },
    "ingress39": {
      "Type": "AWS::EC2::SecurityGroupIngress",
      "Properties": {
        "GroupId": {
          "Ref": "sgssh"
        },
        "IpProtocol": "tcp",
        "FromPort": "22",
        "ToPort": "22",
        "CidrIp": "94.125.20.0/22"
      }
    },
    "ingress40": {
      "Type": "AWS::EC2::SecurityGroupIngress",
      "Properties": {
        "GroupId": {
          "Ref": "sgSSH"
        },
        "IpProtocol": "tcp",
        "FromPort": "22",
        "ToPort": "22",
        "SourceSecurityGroupId": {
          "Ref": "sgdefault"
        },
        "SourceSecurityGroupOwnerId": "780223221743"
      }
    },
    "ingress41": {
      "Type": "AWS::EC2::SecurityGroupIngress",
      "Properties": {
        "GroupId": {
          "Ref": "sgSSH"
        },
        "IpProtocol": "tcp",
        "FromPort": "22",
        "ToPort": "22",
        "SourceSecurityGroupId": {
          "Ref": "sgjenkins"
        },
        "SourceSecurityGroupOwnerId": "780223221743"
      }
    },
    "ingress42": {
      "Type": "AWS::EC2::SecurityGroupIngress",
      "Properties": {
        "GroupId": {
          "Ref": "sgUsersHTTP"
        },
        "IpProtocol": "tcp",
        "FromPort": "80",
        "ToPort": "80",
        "CidrIp": "165.225.80.0/24"
      }
    },
    "ingress43": {
      "Type": "AWS::EC2::SecurityGroupIngress",
      "Properties": {
        "GroupId": {
          "Ref": "sgUsersHTTP"
        },
        "IpProtocol": "tcp",
        "FromPort": "80",
        "ToPort": "80",
        "CidrIp": "94.125.22.0/24"
      }
    },
    "ingress44": {
      "Type": "AWS::EC2::SecurityGroupIngress",
      "Properties": {
        "GroupId": {
          "Ref": "sgUsersHTTP"
        },
        "IpProtocol": "tcp",
        "FromPort": "80",
        "ToPort": "80",
        "CidrIp": "94.125.20.0/22"
      }
    },
    "ingress45": {
      "Type": "AWS::EC2::SecurityGroupIngress",
      "Properties": {
        "GroupId": {
          "Ref": "sgUsersHTTP"
        },
        "IpProtocol": "tcp",
        "FromPort": "80",
        "ToPort": "80",
        "CidrIp": "165.225.0.0/17"
      }
    },
    "ingress46": {
      "Type": "AWS::EC2::SecurityGroupIngress",
      "Properties": {
        "GroupId": {
          "Ref": "sgUsersHTTP"
        },
        "IpProtocol": "tcp",
        "FromPort": "80",
        "ToPort": "80",
        "CidrIp": "94.125.16.0/24"
      }
    },
    "ingress47": {
      "Type": "AWS::EC2::SecurityGroupIngress",
      "Properties": {
        "GroupId": {
          "Ref": "sgUsersHTTP"
        },
        "IpProtocol": "tcp",
        "FromPort": "9091",
        "ToPort": "9091",
        "CidrIp": "165.225.0.0/17"
      }
    },
    "ingress48": {
      "Type": "AWS::EC2::SecurityGroupIngress",
      "Properties": {
        "GroupId": {
          "Ref": "sgUsersHTTP"
        },
        "IpProtocol": "tcp",
        "FromPort": "9091",
        "ToPort": "9091",
        "CidrIp": "165.225.80.0/24"
      }
    },
    "ingress49": {
      "Type": "AWS::EC2::SecurityGroupIngress",
      "Properties": {
        "GroupId": {
          "Ref": "sgUsersHTTP"
        },
        "IpProtocol": "tcp",
        "FromPort": "9091",
        "ToPort": "9091",
        "CidrIp": "94.125.16.0/24"
      }
    },
    "ingress50": {
      "Type": "AWS::EC2::SecurityGroupIngress",
      "Properties": {
        "GroupId": {
          "Ref": "sgUsersHTTP"
        },
        "IpProtocol": "tcp",
        "FromPort": "9091",
        "ToPort": "9091",
        "CidrIp": "94.125.22.0/24"
      }
    },
    "ingress51": {
      "Type": "AWS::EC2::SecurityGroupIngress",
      "Properties": {
        "GroupId": {
          "Ref": "sgUsersHTTP"
        },
        "IpProtocol": "tcp",
        "FromPort": "9094",
        "ToPort": "9094",
        "CidrIp": "165.225.0.0/17"
      }
    },
    "ingress52": {
      "Type": "AWS::EC2::SecurityGroupIngress",
      "Properties": {
        "GroupId": {
          "Ref": "sgUsersHTTP"
        },
        "IpProtocol": "tcp",
        "FromPort": "9094",
        "ToPort": "9094",
        "CidrIp": "165.225.80.0/24"
      }
    },
    "ingress53": {
      "Type": "AWS::EC2::SecurityGroupIngress",
      "Properties": {
        "GroupId": {
          "Ref": "sgUsersHTTP"
        },
        "IpProtocol": "tcp",
        "FromPort": "9094",
        "ToPort": "9094",
        "CidrIp": "94.125.16.0/24"
      }
    },
    "ingress54": {
      "Type": "AWS::EC2::SecurityGroupIngress",
      "Properties": {
        "GroupId": {
          "Ref": "sgUsersHTTP"
        },
        "IpProtocol": "tcp",
        "FromPort": "9094",
        "ToPort": "9094",
        "CidrIp": "94.125.20.0/22"
      }
    },
    "ingress55": {
      "Type": "AWS::EC2::SecurityGroupIngress",
      "Properties": {
        "GroupId": {
          "Ref": "sgUsersHTTP"
        },
        "IpProtocol": "tcp",
        "FromPort": "80",
        "ToPort": "80",
        "CidrIp": "165.225.80.0/24"
      }
    },
    "ingress56": {
      "Type": "AWS::EC2::SecurityGroupIngress",
      "Properties": {
        "GroupId": {
          "Ref": "sgUsersHTTP"
        },
        "IpProtocol": "tcp",
        "FromPort": "80",
        "ToPort": "80",
        "CidrIp": "94.125.22.0/24"
      }
    },
    "ingress57": {
      "Type": "AWS::EC2::SecurityGroupIngress",
      "Properties": {
        "GroupId": {
          "Ref": "sgUsersHTTP"
        },
        "IpProtocol": "tcp",
        "FromPort": "80",
        "ToPort": "80",
        "CidrIp": "94.125.20.0/22"
      }
    },
    "ingress58": {
      "Type": "AWS::EC2::SecurityGroupIngress",
      "Properties": {
        "GroupId": {
          "Ref": "sgUsersHTTP"
        },
        "IpProtocol": "tcp",
        "FromPort": "80",
        "ToPort": "80",
        "CidrIp": "165.225.0.0/17"
      }
    },
    "ingress59": {
      "Type": "AWS::EC2::SecurityGroupIngress",
      "Properties": {
        "GroupId": {
          "Ref": "sgUsersHTTP"
        },
        "IpProtocol": "tcp",
        "FromPort": "80",
        "ToPort": "80",
        "CidrIp": "94.125.16.0/24"
      }
    },
    "egress1": {
      "Type": "AWS::EC2::SecurityGroupEgress",
      "Properties": {
        "GroupId": {
          "Ref": "sgPRICE"
        },
        "IpProtocol": "-1",
        "CidrIp": "0.0.0.0/0"
      }
    },
    "egress2": {
      "Type": "AWS::EC2::SecurityGroupEgress",
      "Properties": {
        "GroupId": {
          "Ref": "sgPRICELIVE"
        },
        "IpProtocol": "-1",
        "CidrIp": "0.0.0.0/0"
      }
    },
    "egress3": {
      "Type": "AWS::EC2::SecurityGroupEgress",
      "Properties": {
        "GroupId": {
          "Ref": "sgdefault"
        },
        "IpProtocol": "-1",
        "CidrIp": "0.0.0.0/0"
      }
    },
    "egress4": {
      "Type": "AWS::EC2::SecurityGroupEgress",
      "Properties": {
        "GroupId": {
          "Ref": "sgdefault"
        },
        "IpProtocol": "-1",
        "CidrIp": "0.0.0.0/0"
      }
    },
    "egress5": {
      "Type": "AWS::EC2::SecurityGroupEgress",
      "Properties": {
        "GroupId": {
          "Ref": "sgdefault"
        },
        "IpProtocol": "-1",
        "CidrIp": "0.0.0.0/0"
      }
    },
    "egress6": {
      "Type": "AWS::EC2::SecurityGroupEgress",
      "Properties": {
        "GroupId": {
          "Ref": "sgjenkins"
        },
        "IpProtocol": "-1",
        "CidrIp": "0.0.0.0/0"
      }
    },
    "egress7": {
      "Type": "AWS::EC2::SecurityGroupEgress",
      "Properties": {
        "GroupId": {
          "Ref": "sgssh"
        },
        "IpProtocol": "-1",
        "CidrIp": "0.0.0.0/0"
      }
    },
    "egress8": {
      "Type": "AWS::EC2::SecurityGroupEgress",
      "Properties": {
        "GroupId": {
          "Ref": "sgSSH"
        },
        "IpProtocol": "-1",
        "CidrIp": "0.0.0.0/0"
      }
    },
    "egress9": {
      "Type": "AWS::EC2::SecurityGroupEgress",
      "Properties": {
        "GroupId": {
          "Ref": "sgUsersHTTP"
        },
        "IpProtocol": "-1",
        "CidrIp": "0.0.0.0/0"
      }
    },
    "egress10": {
      "Type": "AWS::EC2::SecurityGroupEgress",
      "Properties": {
        "GroupId": {
          "Ref": "sgUsersHTTP"
        },
        "IpProtocol": "-1",
        "CidrIp": "0.0.0.0/0"
      }
    }
  }
}
