{
  "AWSTemplateFormatVersion": "2010-09-09",
  "Description": "Amazon ECS Preview Quickstart Template",
  "Parameters": {
    "ClusterName": {
      "Description": "Name of your Amazon ECS Cluster",
      "Type": "String",
      "ConstraintDescription": "must be a valid Amazon ECS Cluster."
    },
    "Version": {
      "Type": "String"
    },
    "Environment": {
      "Type": "String",
      "Default": ""
    },
    "LoadBalancer": {
      "Type": "String"
    },
    "PriceAmi": {
      "Description": "ECS optimized AMI",
      "Type": "String",
      "Default": "ami-f66de585"
    },
    "DesiredCount": {
      "Type": "String"
    }

  },
  "Resources": {
    "PriceTask": {
      "Type": "AWS::ECS::TaskDefinition",
      "Properties": {
        "ContainerDefinitions": [
          {
            "Name": "price",
            "Image": "780223221743.dkr.ecr.eu-west-1.amazonaws.com/price:latest",
            "Cpu": 512,
            "Memory": 128,
            "PortMappings": [
              {
                "ContainerPort": 8080,
                "HostPort": 8080
              }
            ],
            "Essential": true,
            "Environment": [
              {
                "Name": "DEBUG",
                "Value": "true"
              },
              {
                "Name": "RAM_SIZE",
                "Value": "512"
              },
              {
                "Name": "REPO_URL",
                "Value": "https://s3-eu-west-1.amazonaws.com/tesco-price-service"
              },
              {
                "Name": "VERSION",
                "Value": {
                  "Ref": "Version"
                }
              },
              {
                "Name": "ENVIRONMENT",
                "Value": {
                  "Ref": "Environment"
                }
              }
            ]
          }
        ]
      }
    },
    "PriceService": {
      "Type": "AWS::ECS::Service",
      "Properties": {
        "Cluster": {
          "Ref": "ClusterName"
        },
        "DesiredCount": {
          "Ref": "DesiredCount"
        },
        "LoadBalancers": [
          {
            "ContainerName": "price",
            "ContainerPort": "8080",
            "LoadBalancerName": {
              "Ref": "LoadBalancer"
            }
          }
        ],
        "Role": "ecsServiceRole",
        "TaskDefinition": {
          "Ref": "PriceTask"
        }
      }
    }
  }
}
