{
  "AWSTemplateFormatVersion": "2010-09-09",
  "Description": "Load balancer for Price service",
  "Parameters": {
    "ClusterName": {
      "Description": "Name of your Amazon ECS Cluster",
      "Type": "String",
      "ConstraintDescription": "must be a valid Amazon ECS Cluster.",
      "Default": "Price-DEV"
    },
    "subnet1": {
      "Type": "String"
    },
    "subnet2": {
      "Type": "String"
    },
    "SecurityGroup": {
      "Type": "String"
    },
    "HealthCheck": {
      "Type": "String"
    }
  },
  "Resources": {
    "PriceLoadBalancer": {
      "Type": "AWS::ElasticLoadBalancing::LoadBalancer",
      "Properties": {
        "LoadBalancerName": {
          "Fn::Join": [
            "",
            [
              {
                "Ref": "ClusterName"
              },
              "-LoadBalancer"
            ]
          ]
        },
        "Subnets": [
          {
            "Ref": "subnet1"
          },
          {
            "Ref": "subnet2"
          }
        ],
        "SecurityGroups": [
          {
            "Ref": "SecurityGroup"
          }
        ],
        "Scheme": "internet-facing",
        "Listeners": [
          {
            "LoadBalancerPort": "8080",
            "InstancePort": "8080",
            "Protocol": "HTTP"
          }
        ],
        "HealthCheck": {
          "Target": {
            "Ref": "HealthCheck"
          },
          "HealthyThreshold": "3",
          "UnhealthyThreshold": "5",
          "Interval": "30",
          "Timeout": "5"
        },
        "ConnectionDrainingPolicy": {
          "Enabled": "true",
          "Timeout": "60"
        }
      }
    }
  }
}
