{
  "AWSTemplateFormatVersion": "2010-09-09",
  "Description": "VPC for LIVE environment Template",
  "Resources": {
    "vpc9777baf3": {
      "Type": "AWS::EC2::VPC",
      "Properties": {
        "CidrBlock": "173.31.0.0/16",
        "InstanceTenancy": "default",
        "EnableDnsSupport": "true",
        "EnableDnsHostnames": "true",
        "Tags": [
          {
            "Key": "Name",
            "Value": "LIVE"
          }
        ]
      }
    },
    "subnet09ca2051": {
      "Type": "AWS::EC2::Subnet",
      "Properties": {
        "CidrBlock": "173.31.0.0/20",
        "AvailabilityZone": "eu-west-1a",
        "VpcId": {
          "Ref": "vpc9777baf3"
        },
        "Tags": [
          {
            "Key": "Name",
            "Value": "LIVE"
          }
        ]
      }
    },
    "subnet8a32c4d2": {
      "Type": "AWS::EC2::Subnet",
      "Properties": {
        "CidrBlock": "173.31.16.0/20",
        "AvailabilityZone": "eu-west-1a",
        "VpcId": {
          "Ref": "vpc9777baf3"
        },
        "Tags": [
          {
            "Key": "Name",
            "Value": "LIVE-ELB"
          }
        ]
      }
    },
    "rtb6d8c0909": {
      "Type": "AWS::EC2::RouteTable",
      "Properties": {
        "VpcId": {
          "Ref": "vpc9777baf3"
        }
      }
    },
    "vpce496f8320" : {
      "Type" : "AWS::EC2::VPCEndpoint",
      "Properties" : {
        "PolicyDocument" : {
          "Version":"2012-10-17",
          "Statement":[{
            "Effect":"Allow",
            "Principal": "*",
            "Action":["s3:GetObject"],
            "Resource":["arn:aws:s3:::com.amazonaws.eu-west-1.s3"]
          }]
        },
        "RouteTableIds" : [  {"Ref" : "rtb6d8c0909"} ],
        "ServiceName" : { "Fn::Join": [ "", [ "com.amazonaws.", { "Ref": "AWS::Region" }, ".s3" ] ] },
        "VpcId" : {"Ref" : "vpc9777baf3"}
      }
    },

    "acl40b60024": {
      "Type": "AWS::EC2::NetworkAcl",
      "Properties": {
        "VpcId": {
          "Ref": "vpc9777baf3"
        }
      }
    },
    "acl1": {
      "Type": "AWS::EC2::NetworkAclEntry",
      "Properties": {
        "CidrBlock": "0.0.0.0/0",
        "Egress": "true",
        "Protocol": "-1",
        "RuleAction": "allow",
        "RuleNumber": "100",
        "NetworkAclId": {
          "Ref": "acl40b60024"
        }
      }
    },
    "acl2": {
      "Type": "AWS::EC2::NetworkAclEntry",
      "Properties": {
        "CidrBlock": "0.0.0.0/0",
        "Protocol": "-1",
        "RuleAction": "allow",
        "RuleNumber": "100",
        "NetworkAclId": {
          "Ref": "acl40b60024"
        }
      }
    },
    "subnetacl1": {
      "Type": "AWS::EC2::SubnetNetworkAclAssociation",
      "Properties": {
        "NetworkAclId": {
          "Ref": "acl40b60024"
        },
        "SubnetId": {
          "Ref": "subnet8a32c4d2"
        }
      }
    },
    "subnetacl2": {
      "Type": "AWS::EC2::SubnetNetworkAclAssociation",
      "Properties": {
        "NetworkAclId": {
          "Ref": "acl40b60024"
        },
        "SubnetId": {
          "Ref": "subnet09ca2051"
        }
      }
    },
    "dopt815dc2e4": {
      "Type": "AWS::EC2::DHCPOptions",
      "Properties": {
        "DomainName": "eu-west-1.compute.internal",
        "DomainNameServers": [
          "AmazonProvidedDNS"
        ]
      }
    },
    "igw991635fc": {
      "Type": "AWS::EC2::InternetGateway",
      "Properties": {
        "Tags": [
          {
            "Key": "Name",
            "Value": "live"
          }
        ]
      }
    },
    "gw1": {
      "Type": "AWS::EC2::VPCGatewayAttachment",
      "Properties": {
        "VpcId": {
          "Ref": "vpc9777baf3"
        },
        "InternetGatewayId": {
          "Ref": "igw991635fc"
        }
      }
    },
    "route2": {
      "Type": "AWS::EC2::Route",
      "Properties": {
        "DestinationCidrBlock": "0.0.0.0/0",
        "RouteTableId": {
          "Ref": "rtb6d8c0909"
        },
        "GatewayId": {
          "Ref": "igw991635fc"
        }
      },
      "DependsOn": "gw1"
    },

    "dchpassoc2": {
      "Type": "AWS::EC2::VPCDHCPOptionsAssociation",
      "Properties": {
        "VpcId": {
          "Ref": "vpc9777baf3"
        },
        "DhcpOptionsId": {
          "Ref": "dopt815dc2e4"
        }
      }
    }
  }
}
